Ticker,Name,Ending Weight,Market Capitalization,Dividend Yield,Price/ Earnings,P/E using FY1 Est,P/E using FY2 Est,Est 3-5 Yr EPS Growth,Price/ Cash Flow,Price / Book,Price/ Sales,ROE,GICS Sector,GICS Industry Enhanced Classification,Total Return YTD
MMM,3M Company,0.3,105543.6,3.2,17.9,18.6,17.3,8.2,14.6,7.3,3.3,47.0,Industrials,Industrial Conglomerates,6.81
AOS,A. O. Smith Corporation,0.0,10809.5,1.6,24.6,24.2,20.5,10.0,24.8,6.0,3.8,19.6,Industrials,Building Products,23.37
ABT,Abbott Laboratories,0.6,224403.2,1.4,31.3,25.3,27.0,12.4,25.7,6.6,6.5,13.9,Health Care,Health Care Equipment & Supplies,17.41
ABBV,AbbVie Inc.,0.5,191722.3,4.7,29.2,8.6,7.9,4.5,10.4,15.3,4.0,--,Health Care,Biotechnology,6.10
ABMD,ABIOMED Inc.,0.0,16064.6,--,105.0,80.9,66.6,12.9,55.4,12.3,19.1,18.8,Health Care,Health Care Equipment & Supplies,9.20
ACN,Accenture Plc Class A,0.6,225300.7,1.0,38.9,35.3,31.9,9.1,25.7,11.5,4.6,32.3,Information Technology,IT Services,38.14
ATVI,Activision Blizzard Inc.,0.2,63140.7,0.6,24.3,21.2,18.6,13.8,21.8,3.9,7.8,15.8,Communication Services,Entertainment,-12.13
ADBE,Adobe Inc.,0.8,307957.7,--,53.5,51.9,45.4,18.5,56.7,21.4,24.4,44.2,Information Technology,Software,29.36
AAP,Advance Auto Parts Inc.,0.0,14613,1.1,24.7,20.0,18.0,12.6,18.7,4.4,1.6,13.9,Consumer Discretionary,Specialty Retail,47.76
AMD,Advanced Micro Devices Inc.,0.4,148422.7,--,43.7,49.5,40.1,32.1,73.8,21.0,15.1,57.5,Information Technology,Semiconductors & Semiconductor Equipment,33.42
AES,AES Corporation,0.0,16771.5,2.4,--,16.3,15.0,8.7,6.8,7.5,1.7,1.5,Utilities,Independent Power and Renewable Electricity Producers,9.03
AFL,Aflac Incorporated,0.1,38290,2.2,6.9,10.1,11.0,--,8.0,1.1,1.8,15.3,Financials,Insurance,30.56
A,Agilent Technologies Inc.,0.1,47960.4,0.5,49.3,36.7,33.0,16.0,39.6,9.7,9.3,14.9,Health Care,Life Sciences Tools & Services,34.40
APD,Air Products and Chemicals Inc.,0.2,65063.5,2.0,33.4,32.6,27.5,10.8,19.8,5.0,7.4,16.4,Materials,Chemicals,9.35
AKAM,Akamai Technologies Inc.,0.0,17535.9,--,30.6,19.2,17.8,12.0,13.8,3.9,5.6,14.1,Information Technology,IT Services,2.46
ALK,Alaska Air Group Inc.,0.0,6759,--,388.1,--,11.7,--,--,1.9,1.9,-36.2,Industrials,Airlines,3.73
ALB,Albemarle Corporation,0.1,28001.3,0.6,38.8,65.4,43.9,20.3,37.7,4.5,8.2,9.2,Materials,Chemicals,63.36
ARE,Alexandria Real Estate Equities Inc.,0.1,31488.9,2.1,31.9,54.1,73.1,7.6,27.7,2.2,14.0,12.7,Real Estate,Equity Real Estate Investment Trusts (REITs),19.42
ALGN,Align Technology Inc.,0.1,46564.3,--,67.2,53.9,44.6,23.6,87.8,13.8,18.9,77.5,Health Care,Health Care Equipment & Supplies,10.37
ALLE,Allegion PLC,0.0,11760,1.1,25.6,25.7,22.9,6.5,23.0,13.6,4.4,39.6,Industrials,Building Products,13.57
LNT,Alliant Energy Corp,0.0,14118.5,2.8,22.6,21.9,20.6,6.1,10.5,2.4,4.1,11.3,Utilities,Electric Utilities,12.11
ALL,Allstate Corporation,0.1,38313,2.3,5.0,8.6,10.1,-1.6,7.4,1.5,0.9,21.0,Financials,Insurance,19.62
GOOGL,Alphabet Inc. Class A,2.1,1835294.0,--,29.8,27.0,25.4,18.7,29.8,7.7,10.4,19.0,Communication Services,Interactive Media & Services,56.85
GOOG,Alphabet Inc. Class C,2.0,1852999.8,--,30.1,27.2,25.5,18.7,30.1,7.8,10.5,19.0,Communication Services,Interactive Media & Services,58.43
MO,Altria Group Inc,0.2,88481.5,7.3,19.6,10.4,9.9,4.5,12.0,27.2,4.3,98.4,Consumer Staples,Tobacco,23.36
AMZN,Amazon.com Inc.,3.7,1680107.3,--,57.9,63.4,50.2,29.6,32.2,14.6,4.4,27.4,Consumer Discretionary,Internet & Direct Marketing Retail,1.95
AMCR,Amcor PLC,0.0,18542.8,3.9,20.0,15.0,14.4,5.0,12.4,3.9,1.5,20.0,Materials,Containers & Packaging,5.74
AEE,Ameren Corporation,0.1,21784.1,2.6,23.2,22.5,21.0,7.4,9.5,2.3,3.6,10.2,Utilities,Multi-Utilities,10.76
AAL,American Airlines Group Inc.,0.0,12451,--,--,--,103.6,--,--,--,0.5,--,Industrials,Airlines,21.94
AEP,American Electric Power Company Inc.,0.1,42353.5,3.5,18.1,18.1,17.0,5.4,8.4,2.0,2.8,11.0,Utilities,Electric Utilities,4.36
AXP,American Express Company,0.3,141837.2,0.9,19.1,19.2,18.9,53.1,15.6,5.8,3.8,13.2,Financials,Consumer Finance,52.54
AIG,American International Group Inc.,0.1,50987.9,2.1,12.5,12.7,11.1,21.0,9.9,0.8,1.2,-9.1,Financials,Insurance,60.50
AMT,American Tower Corporation,0.3,129492.7,1.8,57.4,52.5,51.7,14.1,29.4,22.5,15.8,37.0,Real Estate,Equity Real Estate Investment Trusts (REITs),28.65
AWK,American Water Works Company Inc.,0.1,31734.3,1.3,42.4,41.2,37.9,8.3,20.9,4.7,8.4,11.3,Utilities,Water Utilities,15.14
AMP,Ameriprise Financial Inc.,0.1,34060.6,1.5,34.1,13.7,12.5,--,23.0,6.0,3.1,26.5,Financials,Capital Markets,55.40
ABC,AmerisourceBergen Corporation,0.0,25465.3,1.4,--,13.3,11.6,11.9,--,670.8,0.1,--,Health Care,Health Care Providers & Services,26.88
AME,AMETEK Inc.,0.1,30170,0.6,34.6,28.0,25.0,10.3,29.8,4.8,6.6,15.8,Industrials,Electrical Equipment,8.40
AMGN,Amgen Inc.,0.3,118266.1,3.3,21.1,12.7,11.6,7.8,11.4,14.3,4.9,76.1,Health Care,Biotechnology,-7.68
APH,Amphenol Corporation Class A,0.1,47274.2,0.7,35.1,33.0,29.8,14.0,30.0,8.3,5.7,24.3,Information Technology,Electronic Equipment Instruments & Components,21.78
ADI,Analog Devices Inc.,0.2,66470.1,1.5,39.5,28.0,24.6,12.7,31.8,5.4,12.0,10.3,Information Technology,Semiconductors & Semiconductor Equipment,23.77
ANSS,ANSYS Inc.,0.1,32631.5,--,71.8,53.0,47.6,10.2,49.2,7.7,19.4,11.5,Information Technology,Software,2.86
ANTM,Anthem Inc.,0.3,105531.9,1.0,19.5,16.8,15.2,12.5,20.1,3.0,0.9,14.1,Health Care,Health Care Providers & Services,36.61
AON,Aon Plc Class A,0.2,72216.8,0.6,35.1,27.4,24.7,16.0,27.4,16.2,6.7,57.3,Financials,Insurance,52.47
APA,APA Corp.,0.0,10667.6,0.4,15.2,7.4,6.4,8.4,6.8,--,2.4,--,Energy,Oil Gas & Consumable Fuels,100.19
AAPL,Apple Inc.,6.0,2461023.8,0.6,29.1,26.6,26.1,18.6,34.7,38.3,9.5,73.7,Information Technology,Technology Hardware Storage & Peripherals,12.55
AMAT,Applied Materials Inc.,0.3,122581.6,0.7,23.6,19.8,16.8,23.7,28.2,10.2,7.3,38.5,Information Technology,Semiconductors & Semiconductor Equipment,58.16
APTV,Aptiv PLC,0.1,46064.7,--,46.5,62.5,35.2,24.6,36.2,5.5,3.5,30.2,Consumer Discretionary,Auto Components,30.70
ADM,Archer-Daniels-Midland Company,0.1,37246.2,2.2,16.3,13.8,14.4,9.0,12.0,1.7,0.6,9.0,Consumer Staples,Food Products,34.63
ANET,Arista Networks Inc.,0.1,29595.8,--,42.1,36.0,32.3,12.6,37.4,8.0,13.2,20.4,Information Technology,Communications Equipment,32.86
AJG,Arthur J. Gallagher & Co.,0.1,33966.9,1.2,36.8,30.7,28.1,15.7,25.0,4.1,4.7,14.4,Financials,Insurance,34.18
AIZ,Assurant Inc.,0.0,9785.6,1.6,22.1,18.1,13.6,17.8,10.6,1.7,1.0,7.3,Financials,Insurance,22.44
T,AT&T Inc.,0.5,183069.6,8.1,212.6,7.6,8.1,2.4,3.3,1.1,1.1,-3.1,Communication Services,Diversified Telecommunication Services,-4.17
ATO,Atmos Energy Corporation,0.0,12320.1,2.7,17.7,18.4,17.4,8.0,9.9,1.6,4.1,9.6,Utilities,Gas Utilities,0.64
ADSK,Autodesk Inc.,0.2,68562.6,--,52.7,62.6,43.9,32.0,69.9,51.6,18.3,--,Information Technology,Software,2.11
ADP,Automatic Data Processing Inc.,0.2,92396.3,1.7,35.9,32.9,29.9,12.7,23.2,16.3,6.2,45.5,Information Technology,IT Services,25.55
AZO,AutoZone Inc.,0.1,38494.2,--,19.1,18.5,16.6,10.7,18.6,--,2.8,--,Consumer Discretionary,Specialty Retail,53.62
AVB,AvalonBay Communities Inc.,0.1,32498.9,2.7,30.2,39.7,58.4,3.0,26.0,--,14.3,7.6,Real Estate,Equity Real Estate Investment Trusts (REITs),48.48
AVY,Avery Dennison Corporation,0.0,18085.2,1.2,24.9,24.5,22.5,10.9,20.3,10.6,2.6,41.3,Materials,Containers & Packaging,41.91
BKR,Baker Hughes Company Class A,0.1,21612.4,2.9,111.9,36.6,21.0,12.0,19.7,1.8,0.8,-57.1,Energy,Energy Equipment & Services,23.55
BLL,Ball Corporation,0.1,28585.9,0.7,33.5,24.7,20.8,14.2,18.9,7.9,2.5,18.8,Materials,Containers & Packaging,-5.58
BAC,Bank of America Corp,0.9,391541.5,1.6,14.2,13.6,15.1,20.0,11.9,1.6,4.4,6.7,Financials,Banks,58.99
BK,Bank of New York Mellon Corporation,0.1,49053.8,2.1,15.1,14.4,13.3,9.9,9.9,1.3,3.2,8.6,Financials,Capital Markets,42.91
BBWI,Bath & Body Works Inc.,0.0,18799.1,0.4,10.9,17.1,15.8,14.9,12.0,--,1.7,--,Consumer Discretionary,Specialty Retail,137.10
BAX,Baxter International Inc.,0.1,40668.2,1.3,37.3,23.1,20.5,10.0,19.7,4.8,3.6,13.3,Health Care,Health Care Equipment & Supplies,2.41
BDX,Becton Dickinson and Company,0.2,70766.5,1.3,38.7,19.1,20.0,6.4,20.3,2.9,4.1,3.4,Health Care,Health Care Equipment & Supplies,-0.53
BRK.B,Berkshire Hathaway Inc. Class B,1.4,657974.1,--,6.4,24.4,23.1,--,28.7,1.4,2.8,9.8,Financials,Diversified Financial Services,25.18
BBY,Best Buy Co. Inc.,0.1,29794.7,2.2,12.3,12.1,12.7,6.7,10.6,6.9,0.7,44.6,Consumer Discretionary,Specialty Retail,23.02
BIO,Bio-Rad Laboratories Inc. Class A,0.0,22939.2,--,5.7,53.7,57.3,14.0,50.3,2.0,9.1,48.7,Health Care,Life Sciences Tools & Services,32.17
TECH,Bio-Techne Corporation,0.1,19899.6,0.3,147.4,66.1,56.6,20.0,64.0,12.7,22.2,9.5,Health Care,Life Sciences Tools & Services,61.24
BIIB,Biogen Inc.,0.1,39654.2,--,26.4,14.1,14.1,1.5,9.9,3.8,3.5,33.3,Health Care,Biotechnology,10.24
BLK,BlackRock Inc.,0.3,140549.6,1.7,24.6,23.9,22.0,10.0,38.1,3.9,8.5,14.3,Financials,Capital Markets,30.11
BA,Boeing Company,0.3,124715.4,1.0,--,--,36.6,-169.0,--,--,2.1,--,Industrials,Aerospace & Defense,-0.56
BKNG,Booking Holdings Inc.,0.3,99076.4,--,239.9,60.2,24.8,40.7,89.9,20.6,14.6,1.1,Consumer Discretionary,Hotels Restaurants & Leisure,8.34
BWA,BorgWarner Inc.,0.0,10908.1,1.5,13.6,11.7,9.6,30.2,11.3,1.6,1.0,9.0,Consumer Discretionary,Auto Components,19.04
BXP,Boston Properties Inc.,0.0,18308.5,3.3,60.8,48.9,42.6,5.6,14.4,--,6.6,14.3,Real Estate,Equity Real Estate Investment Trusts (REITs),27.42
BSX,Boston Scientific Corporation,0.2,63252.2,--,136.3,27.7,23.8,17.6,43.0,4.0,6.4,-0.8,Health Care,Health Care Equipment & Supplies,23.76
BMY,Bristol-Myers Squibb Company,0.3,128460.4,3.4,--,7.7,7.2,7.3,10.0,3.5,3.1,-20.2,Health Care,Pharmaceuticals,-4.60
AVGO,Broadcom Inc.,0.6,215092.8,2.8,38.7,18.7,16.8,23.1,20.0,8.8,9.2,10.9,Information Technology,Semiconductors & Semiconductor Equipment,21.96
BR,Broadridge Financial Solutions Inc.,0.1,21296.2,1.3,39.5,28.6,26.2,--,23.3,11.8,4.2,34.7,Information Technology,IT Services,21.09
BRO,Brown & Brown Inc.,0.0,18716.5,0.6,33.1,32.0,30.1,17.0,26.8,4.7,7.0,13.1,Financials,Insurance,40.96
BF.B,Brown-Forman Corporation Class B,0.0,33212.9,1.0,43.2,40.6,36.0,8.3,42.3,12.4,9.7,39.0,Consumer Staples,Beverages,-12.04
CHRW,C.H. Robinson Worldwide Inc.,0.0,12974.3,2.1,20.5,17.7,18.5,13.0,21.1,6.8,0.8,28.5,Industrials,Air Freight & Logistics,6.33
CDNS,Cadence Design Systems Inc.,0.1,46324.7,--,69.0,52.6,47.7,12.2,50.9,18.4,17.4,25.7,Information Technology,Software,22.68
CZR,Caesars Entertainment Inc,0.1,23891.3,--,--,--,134.5,--,--,4.7,4.2,-57.3,Consumer Discretionary,Hotels Restaurants & Leisure,50.72
CPB,Campbell Soup Company,0.0,12140.4,3.6,12.2,14.6,13.7,0.5,8.9,3.9,1.4,35.3,Consumer Staples,Food Products,-14.14
COF,Capital One Financial Corporation,0.2,75250.5,0.9,6.7,6.8,9.3,66.8,5.3,1.2,2.4,4.0,Financials,Consumer Finance,72.89
CAH,Cardinal Health Inc.,0.0,14180.4,4.0,23.4,8.4,7.7,5.2,6.7,7.9,0.1,34.1,Health Care,Health Care Providers & Services,-6.58
KMX,CarMax Inc.,0.1,22741,--,19.9,19.4,19.0,4.4,17.7,4.6,1.2,18.4,Consumer Discretionary,Specialty Retail,48.18
CCL.U,Carnival Corporation,0.0,25004.7,--,--,--,--,-113.0,--,1.7,3.1,-44.6,Consumer Discretionary,Hotels Restaurants & Leisure,1.80
CARR,Carrier Global Corp.,0.1,47376.5,0.8,19.4,24.8,22.3,13.0,33.7,7.0,2.8,19.5,Industrials,Building Products,45.53
CASH_USD_OPEN,CASH_USD_OPEN,0.0,--,--,--,--,--,--,--,--,--,--,--,--,--
CTLT,Catalent Inc,0.1,22323.2,--,42.1,37.5,33.3,15.9,25.7,5.7,5.6,15.5,Health Care,Pharmaceuticals,25.77
CAT,Caterpillar Inc.,0.3,110704.2,2.1,25.4,20.1,16.6,23.2,16.4,6.6,2.7,20.0,Industrials,Machinery,13.42
CBOE,Cboe Global Markets Inc,0.0,13796.9,1.3,31.8,22.6,21.9,-34.3,23.0,4.0,4.1,13.9,Financials,Capital Markets,40.62
CBRE,CBRE Group Inc. Class A,0.1,35215.6,--,29.5,21.8,20.6,--,26.6,4.6,1.5,11.3,Real Estate,Real Estate Management & Development,67.25
CDW,CDW Corp.,0.1,26490,0.8,29.3,24.8,22.8,12.1,21.2,25.3,1.5,69.9,Information Technology,Electronic Equipment Instruments & Components,46.34
CE,Celanese Corporation,0.0,18714.6,1.6,7.0,9.5,11.3,27.5,19.1,4.8,3.6,66.2,Materials,Chemicals,33.77
CNC,Centene Corporation,0.1,39626.6,--,56.0,13.3,12.1,9.6,11.9,1.5,0.4,9.4,Health Care,Health Care Providers & Services,13.23
CNP,CenterPoint Energy Inc.,0.0,15870.7,2.4,20.2,18.9,19.0,2.6,7.4,2.2,1.9,-12.2,Utilities,Multi-Utilities,26.20
CDAY,Ceridian HCM Holding Inc.,0.0,19316.5,--,--,491.4,245.3,--,144.6,8.8,22.5,-0.2,Information Technology,Software,21.05
CERN,Cerner Corporation,0.1,21451.8,1.2,31.4,22.0,19.6,11.9,16.6,5.3,4.0,17.9,Health Care,Health Care Technology,-7.92
CF,CF Industries Holdings Inc.,0.0,12718.2,2.0,28.0,12.8,10.3,9.1,9.8,3.9,3.1,10.9,Materials,Chemicals,55.59
CRL,Charles River Laboratories International Inc.,0.1,21356.7,--,54.6,41.2,36.5,16.0,37.4,9.2,7.3,19.4,Health Care,Life Sciences Tools & Services,69.62
SCHW,Charles Schwab Corporation,0.3,149907.1,0.9,31.5,25.5,22.8,26.0,20.1,3.3,9.8,9.0,Financials,Capital Markets,57.56
CHTR,Charter Communications Inc. Class A,0.2,134375.9,--,38.8,34.6,24.8,33.9,10.6,6.9,3.2,11.7,Communication Services,Media,10.50
CVX,Chevron Corporation,0.6,220175.9,4.6,61.1,15.5,12.8,21.4,16.1,1.7,2.3,-4.0,Energy,Oil Gas & Consumable Fuels,40.32
CMG,Chipotle Mexican Grill Inc.,0.1,49974.6,--,71.3,70.7,53.9,25.0,50.3,21.6,8.4,19.2,Consumer Discretionary,Hotels Restaurants & Leisure,28.00
CB,Chubb Limited,0.2,82509.6,1.7,10.4,16.1,13.5,19.0,16.2,1.4,2.4,6.2,Financials,Insurance,23.91
CHD,Church & Dwight Co. Inc.,0.1,20550.7,1.2,26.1,28.0,25.9,7.3,22.7,6.1,4.3,27.6,Consumer Staples,Household Products,-3.12
CI,Cigna Corporation,0.2,77298.7,1.4,9.5,10.6,9.6,13.4,11.8,1.6,0.5,17.7,Health Care,Health Care Providers & Services,4.91
CINF,Cincinnati Financial Corporation,0.0,19886.2,2.0,7.0,23.1,24.9,--,30.6,1.7,2.7,11.8,Financials,Insurance,43.63
CTAS,Cintas Corporation,0.1,44285.9,1.4,40.5,39.4,35.8,9.7,29.7,13.4,6.5,31.9,Industrials,Commercial Services & Supplies,22.08
CSCO,Cisco Systems Inc.,0.6,232525.4,2.6,22.1,16.1,15.0,6.2,17.3,5.6,4.7,26.7,Information Technology,Communications Equipment,26.83
C,Citigroup Inc.,0.4,140548,2.9,6.6,6.8,8.9,21.8,5.2,0.8,1.7,5.6,Financials,Banks,17.59
CFG,Citizens Financial Group Inc.,0.1,21442.1,3.1,10.1,9.8,12.3,21.4,7.0,1.0,3.0,4.6,Financials,Banks,44.64
CTXS,Citrix Systems Inc.,0.0,12245.1,1.5,34.1,20.3,17.3,12.9,12.1,41.8,3.8,--,Information Technology,Software,-23.52
CLX,Clorox Company,0.1,19846.2,2.8,29.0,29.6,24.4,-2.4,16.0,48.3,2.8,--,Consumer Staples,Household Products,-18.56
CME,CME Group Inc. Class A,0.2,77999.4,2.8,40.7,32.7,29.6,6.4,29.5,2.9,16.0,8.0,Financials,Capital Markets,21.16
CMS,CMS Energy Corporation,0.0,17454.4,2.8,19.3,22.4,20.9,6.0,13.0,3.0,2.6,14.4,Utilities,Multi-Utilities,0.87
KO,Coca-Cola Company,0.5,234002.5,3.1,29.1,24.0,22.4,9.1,25.6,10.5,7.1,40.5,Consumer Staples,Beverages,1.22
CTSH,Cognizant Technology Solutions Corporation Class A,0.1,41454,1.2,25.0,19.5,17.7,12.0,17.2,3.7,2.6,12.7,Information Technology,IT Services,-2.71
CL,Colgate-Palmolive Company,0.2,63381.6,2.4,23.5,23.4,21.8,5.9,19.3,136.6,3.9,--,Consumer Staples,Household Products,-10.12
CMCSA,Comcast Corporation Class A,0.6,248213,1.8,20.2,17.4,14.5,15.4,10.3,2.6,2.4,12.2,Communication Services,Media,5.07
CMA,Comerica Incorporated,0.0,11621.6,3.1,10.9,10.8,15.6,19.0,11.9,1.6,4.1,6.1,Financials,Banks,63.38
CAG,Conagra Brands Inc.,0.0,15777,3.5,13.3,13.3,12.4,4.6,9.1,1.8,1.4,15.8,Consumer Staples,Food Products,-7.03
COP,ConocoPhillips,0.3,102466.6,2.2,65.8,14.3,11.0,9.2,15.9,2.3,4.4,-8.3,Energy,Oil Gas & Consumable Fuels,96.16
ED,Consolidated Edison Inc.,0.1,26785.6,4.1,23.0,17.9,16.8,2.5,7.0,1.4,2.1,6.0,Utilities,Multi-Utilities,8.29
STZ,Constellation Brands Inc. Class A,0.1,40514.8,1.4,73.6,21.8,18.3,8.1,17.3,3.6,5.5,15.5,Consumer Staples,Beverages,0.37
COO,Cooper Companies Inc.,0.1,20415.5,0.0,7.1,31.1,28.3,10.0,33.6,3.0,8.5,6.4,Health Care,Health Care Equipment & Supplies,14.23
CPRT,Copart Inc.,0.1,36329.5,--,39.3,37.3,34.4,12.0,33.9,10.3,13.7,31.1,Industrials,Commercial Services & Supplies,20.46
GLW,Corning Inc,0.1,32355.2,2.4,38.2,18.1,16.0,22.8,15.9,2.7,2.6,3.8,Information Technology,Electronic Equipment Instruments & Components,9.18
CTVA,Corteva Inc,0.1,31227.6,1.2,26.0,20.7,17.0,23.1,18.7,1.2,2.2,3.0,Materials,Chemicals,10.78
COST,Costco Wholesale Corporation,0.6,216538.4,2.6,43.5,40.5,36.9,11.3,27.4,12.3,1.1,27.9,Consumer Staples,Food & Staples Retailing,30.85
CTRA,Coterra Energy Inc.,0.0,9016.4,1.9,33.1,9.8,6.7,25.0,13.2,3.9,6.4,9.2,Energy,Oil Gas & Consumable Fuels,44.53
CCI,Crown Castle International Corp,0.2,76740.5,3.0,58.6,68.9,54.3,10.1,25.3,9.0,12.9,10.0,Real Estate,Equity Real Estate Investment Trusts (REITs),14.09
CSX,CSX Corporation,0.2,79248.6,1.0,22.5,23.0,20.1,14.2,19.3,6.0,7.8,22.2,Industrials,Road & Rail,19.14
CMI,Cummins Inc.,0.1,34683.4,2.3,16.2,15.2,12.9,14.9,16.1,4.4,1.8,23.0,Industrials,Machinery,8.11
CVS,CVS Health Corporation,0.3,115562.2,2.3,16.1,11.3,10.7,6.7,9.1,1.6,0.4,10.8,Health Care,Health Care Providers & Services,31.63
DHI,D.R. Horton Inc.,0.1,31719.1,0.9,8.9,8.0,6.7,44.0,13.0,2.3,1.6,21.7,Consumer Discretionary,Household Durables,29.36
DHR,Danaher Corporation,0.5,218708.5,0.3,38.9,31.4,30.3,23.2,35.9,5.4,9.9,10.8,Health Care,Health Care Equipment & Supplies,38.13
DRI,Darden Restaurants Inc.,0.0,18681.1,1.8,23.0,18.7,16.8,11.0,15.4,6.8,2.6,24.6,Consumer Discretionary,Hotels Restaurants & Leisure,23.33
DVA,DaVita Inc.,0.0,12026.5,--,14.8,12.4,11.9,15.9,6.7,9.4,1.2,44.5,Health Care,Health Care Providers & Services,-3.02
DE,Deere & Company,0.3,109364.9,1.0,20.4,18.7,16.1,33.0,21.2,7.0,3.1,22.6,Industrials,Machinery,32.15
DAL,Delta Air Lines Inc.,0.1,25671.9,--,--,--,11.2,--,--,9.9,1.5,--,Industrials,Airlines,-1.74
XRAY,DENTSPLY SIRONA Inc.,0.0,12513.5,0.7,34.2,19.9,17.8,22.2,28.8,2.5,3.8,-1.7,Health Care,Health Care Equipment & Supplies,9.95
DVN,Devon Energy Corporation,0.1,27526.8,2.1,213.8,13.1,8.5,17.6,10.6,3.3,3.3,-58.6,Energy,Oil Gas & Consumable Fuels,167.98
DXCM,DexCom Inc.,0.1,54958.5,--,110.0,229.0,163.4,8.3,111.6,27.5,28.8,36.4,Health Care,Health Care Equipment & Supplies,53.72
FANG,Diamondback Energy Inc.,0.0,19808.6,1.5,--,10.4,6.7,10.3,8.6,1.8,6.1,-41.0,Energy,Oil Gas & Consumable Fuels,129.71
DLR,Digital Realty Trust Inc.,0.1,44289.6,2.9,87.5,69.0,99.0,5.8,23.8,--,10.5,2.2,Real Estate,Equity Real Estate Investment Trusts (REITs),14.98
DFS,Discover Financial Services,0.1,36538.7,1.5,7.4,7.1,9.4,94.0,6.4,2.8,2.9,10.5,Financials,Consumer Finance,38.53
DISCA,Discovery Inc. Class A,0.0,12897.9,--,12.2,9.3,8.2,7.0,2.9,1.1,1.6,10.7,Communication Services,Media,-15.95
DISCK,Discovery Inc. Class C,0.0,12444,--,11.8,8.9,7.9,7.0,2.8,1.1,1.6,10.7,Communication Services,Media,-6.83
DISH,DISH Network Corporation Class A,0.0,23010.1,--,10.5,11.7,14.6,-18.7,8.7,1.6,1.6,13.9,Communication Services,Media,34.79
DG,Dollar General Corporation,0.1,51908,0.7,21.3,21.8,19.8,10.6,16.6,8.5,1.6,39.7,Consumer Discretionary,Multiline Retail,6.61
DLTR,Dollar Tree Inc.,0.1,23619,--,16.5,18.9,16.7,7.3,11.5,3.4,1.0,19.8,Consumer Discretionary,Multiline Retail,-2.80
D,Dominion Energy Inc,0.2,61735.5,3.3,27.4,19.8,18.6,6.9,10.6,2.6,4.5,5.3,Utilities,Multi-Utilities,4.34
DPZ,Domino's Pizza Inc.,0.0,17048.3,0.8,35.4,34.1,30.1,11.8,33.9,--,4.5,--,Consumer Discretionary,Hotels Restaurants & Leisure,22.39
DOV,Dover Corporation,0.1,24281.6,1.2,26.0,22.4,20.4,13.2,25.3,6.2,3.7,21.3,Industrials,Machinery,34.93
DOW,Dow Inc.,0.1,43422.8,4.8,7.6,6.6,9.3,45.3,8.7,2.6,1.1,9.4,Materials,Chemicals,9.26
DTE,DTE Energy Company,0.1,22407.4,3.5,16.9,19.9,19.5,6.4,6.7,1.8,1.8,11.3,Utilities,Multi-Utilities,14.66
DUK,Duke Energy Corporation,0.2,79084,3.8,26.8,19.7,18.8,4.5,8.0,1.7,3.2,2.8,Utilities,Electric Utilities,15.65
DRE,Duke Realty Corporation,0.1,21055.8,1.8,42.3,57.8,65.6,8.7,38.6,--,21.0,5.9,Real Estate,Equity Real Estate Investment Trusts (REITs),41.72
DD,DuPont de Nemours Inc.,0.1,37737.7,1.7,7.2,16.9,14.6,10.7,18.1,1.4,2.6,-7.3,Materials,Chemicals,2.35
DXC,DXC Technology Co.,0.0,8648.2,--,26.9,9.5,8.0,27.8,8.8,1.7,0.5,-3.1,Information Technology,IT Services,32.23
EMN,Eastman Chemical Company,0.0,14771.8,2.5,46.7,12.0,11.5,16.1,11.1,2.5,1.8,8.0,Materials,Chemicals,10.47
ETN,Eaton Corp. Plc,0.2,64776.5,1.9,34.6,24.5,22.0,10.5,31.1,4.2,3.7,9.1,Industrials,Electrical Equipment,37.33
EBAY,eBay Inc.,0.1,53256.8,0.9,4.3,20.4,17.9,10.0,22.4,4.1,5.6,79.1,Consumer Discretionary,Internet & Direct Marketing Retail,61.70
ECL,Ecolab Inc.,0.1,63388.3,0.9,60.9,45.3,36.3,14.9,30.7,9.4,5.4,13.0,Materials,Chemicals,3.08
EIX,Edison International,0.1,23199.4,4.3,28.5,13.5,13.1,3.4,9.9,1.6,1.7,5.4,Utilities,Electric Utilities,0.66
EW,Edwards Lifesciences Corporation,0.2,73089.6,--,50.6,51.7,45.5,15.0,73.2,14.2,16.9,18.9,Health Care,Health Care Equipment & Supplies,28.58
EA,Electronic Arts Inc.,0.1,40524.2,0.5,61.2,21.4,19.2,15.4,31.7,5.2,7.3,10.9,Communication Services,Entertainment,-0.63
LLY,Eli Lilly and Company,0.5,234522.2,1.3,36.8,31.0,29.2,17.6,30.9,36.4,9.1,--,Health Care,Pharmaceuticals,46.85
EMR,Emerson Electric Co.,0.1,57717.6,2.1,24.7,23.7,21.3,12.6,19.8,6.2,3.5,23.6,Industrials,Electrical Equipment,22.08
ESZ21-USA,eMini S&P 500 (CME) Dec 21,0.5,--,--,--,--,--,--,--,--,--,--,--,--,--
ENPH,Enphase Energy Inc.,0.1,24146.1,--,141.0,84.3,64.7,--,105.7,41.3,32.9,35.4,Information Technology,Semiconductors & Semiconductor Equipment,2.26
ETR,Entergy Corporation,0.1,20857,3.7,16.9,17.4,16.4,4.2,5.9,1.9,2.1,13.1,Utilities,Electric Utilities,6.86
EOG,EOG Resources Inc.,0.1,54906.1,1.7,29.2,11.6,9.9,7.4,11.2,2.6,5.5,-2.9,Energy,Oil Gas & Consumable Fuels,95.20
EFX,Equifax Inc.,0.1,33523.2,0.6,48.7,36.2,31.1,13.5,37.6,9.5,8.2,18.1,Industrials,Professional Services,43.24
EQIX,Equinix Inc.,0.2,73844.7,1.4,215.8,148.1,106.4,20.4,31.9,6.9,12.2,3.8,Real Estate,Equity Real Estate Investment Trusts (REITs),16.58
EQR,Equity Residential,0.1,31917.5,2.8,47.5,58.1,74.9,2.5,24.7,3.1,13.0,8.8,Real Estate,Equity Real Estate Investment Trusts (REITs),47.21
ESS,Essex Property Trust Inc.,0.1,21767.9,2.5,54.2,59.5,65.4,3.0,24.7,3.8,14.7,10.5,Real Estate,Equity Real Estate Investment Trusts (REITs),44.01
EL,Estee Lauder Companies Inc. Class A,0.2,119402.3,0.6,42.3,44.4,38.9,13.0,39.5,19.7,7.5,57.4,Consumer Staples,Personal Products,24.63
ETSY,Etsy Inc.,0.1,31782.4,--,72.8,82.6,73.1,20.5,62.1,59.9,20.0,60.8,Consumer Discretionary,Internet & Direct Marketing Retail,41.97
RE,Everest Re Group Ltd.,0.0,11309.9,2.2,8.5,10.0,8.6,68.2,16.9,1.1,1.2,5.4,Financials,Insurance,22.91
EVRG,Evergy Inc.,0.0,14727.7,3.3,18.5,19.1,18.2,6.6,8.6,1.6,3.0,7.1,Utilities,Electric Utilities,18.76
ES,Eversource Energy,0.1,29553.1,2.8,23.7,22.4,21.0,7.0,15.4,2.1,3.3,9.0,Utilities,Electric Utilities,1.63
EXC,Exelon Corporation,0.1,50455,3.0,51.9,18.5,15.5,5.6,5.6,1.6,1.5,6.1,Utilities,Electric Utilities,25.43
EXPE,Expedia Group Inc.,0.1,24332.2,--,--,--,24.8,2.7,--,22.2,4.4,-98.1,Consumer Discretionary,Hotels Restaurants & Leisure,21.93
EXPD,Expeditors International of Washington Inc.,0.1,20868.7,0.9,21.3,17.8,22.2,12.7,25.2,6.8,2.1,28.7,Industrials,Air Freight & Logistics,30.30
EXR,Extra Space Storage Inc.,0.1,25215.6,2.2,38.7,37.3,36.8,8.3,32.4,8.9,17.3,19.9,Real Estate,Equity Real Estate Investment Trusts (REITs),66.05
XOM,Exxon Mobil Corporation,0.7,272457.9,5.4,--,13.5,11.7,17.7,19.5,1.7,1.5,-12.9,Energy,Oil Gas & Consumable Fuels,63.54
FFIV,F5 Networks Inc.,0.0,12559.1,--,43.2,19.7,17.7,14.4,19.3,5.7,5.4,15.4,Information Technology,Communications Equipment,18.38
FB,Facebook Inc. Class A,2.0,928877.9,--,24.3,23.3,20.7,21.5,22.9,6.7,11.0,25.4,Communication Services,Interactive Media & Services,20.33
FAST,Fastenal Company,0.1,32295.4,1.9,36.4,35.9,32.7,7.0,31.2,10.9,5.7,31.8,Industrials,Trading Companies & Distributors,17.49
FRT,Federal Realty Investment Trust,0.0,9409,3.5,61.2,58.1,57.0,7.5,24.3,4.1,11.3,5.2,Real Estate,Equity Real Estate Investment Trusts (REITs),46.12
FDX,FedEx Corporation,0.1,62534,1.2,12.5,12.0,10.7,18.8,5.3,2.6,0.8,24.6,Industrials,Air Freight & Logistics,-8.61
FIS,Fidelity National Information Services Inc.,0.2,75667.9,1.2,864.1,18.7,16.2,12.4,18.6,1.6,6.1,0.3,Information Technology,IT Services,-12.71
FITB,Fifth Third Bancorp,0.1,31440.6,2.4,12.6,12.2,13.7,25.0,10.2,1.5,4.2,6.6,Financials,Banks,68.84
FRC,First Republic Bank,0.1,38645.1,0.4,29.7,28.5,26.4,10.7,25.6,3.4,8.3,10.6,Financials,Banks,47.26
FE,FirstEnergy Corp.,0.1,20336.5,4.2,19.1,14.7,14.4,4.0,13.1,2.7,1.9,14.1,Utilities,Electric Utilities,26.13
FISV,Fiserv Inc.,0.2,73443.7,--,66.3,19.9,17.1,14.2,17.0,2.3,5.1,2.9,Information Technology,IT Services,-2.42
FLT,FLEETCOR Technologies Inc.,0.1,23206.7,--,30.9,21.7,18.6,15.0,21.7,6.7,10.2,19.9,Information Technology,IT Services,2.98
FMC,FMC Corporation,0.0,11999.9,2.1,22.2,13.8,12.4,8.0,14.1,3.9,2.6,21.1,Materials,Chemicals,-17.74
F,Ford Motor Company,0.2,65792,--,18.5,10.2,8.7,64.5,11.5,1.9,0.5,-4.0,Consumer Discretionary,Automobiles,82.03
FTNT,Fortinet Inc.,0.1,54200.9,--,107.1,85.9,74.1,15.6,63.0,51.6,21.5,44.9,Information Technology,Software,123.46
FTV,Fortive Corp.,0.1,26657.8,0.4,15.9,27.3,24.6,11.1,23.5,2.9,5.8,16.9,Industrials,Machinery,5.34
FBHS,Fortune Brands Home & Security Inc.,0.0,13408.7,1.0,18.9,16.9,15.5,--,16.7,4.4,2.2,21.3,Industrials,Building Products,14.38
FOXA,Fox Corporation Class A,0.0,24101.8,1.1,11.6,15.0,12.0,12.5,9.4,2.2,1.9,20.3,Communication Services,Media,45.39
FOX,Fox Corporation Class B,0.0,22430.8,1.2,10.8,13.9,11.2,12.5,8.7,2.0,1.8,20.3,Communication Services,Media,36.55
BEN,Franklin Resources Inc.,0.0,15644.3,3.6,12.9,9.3,9.1,--,29.0,1.4,2.8,7.8,Financials,Capital Markets,27.95
FCX,Freeport-McMoRan Inc.,0.1,57751.1,0.4,14.9,12.9,11.4,58.9,24.4,4.8,4.1,6.1,Materials,Metals & Mining,52.14
CASH_USD_FUT,Futures Cash - U.S. Dollar,-0.5,--,--,--,--,--,--,--,--,--,--,--,--,--
GPS,Gap Inc.,0.0,8463.8,1.6,11.5,10.3,8.9,12.0,20.6,2.8,0.6,-22.4,Consumer Discretionary,Specialty Retail,13.36
GRMN,Garmin Ltd.,0.1,31552.2,1.6,26.7,29.0,25.7,7.5,26.4,5.7,7.5,19.3,Consumer Discretionary,Household Durables,38.96
IT,Gartner Inc.,0.1,27192.4,--,49.8,41.4,48.3,13.5,45.6,51.5,7.1,26.3,Information Technology,IT Services,101.75
GNRC,Generac Holdings Inc.,0.1,29618,--,58.0,47.2,38.3,10.0,64.1,17.9,12.1,28.8,Industrials,Electrical Equipment,106.73
GD,General Dynamics Corporation,0.1,58119.5,2.2,18.1,18.0,16.6,9.6,14.8,3.8,1.6,21.7,Industrials,Aerospace & Defense,43.35
GE,General Electric Company,0.3,115583.9,0.3,--,56.0,26.2,6.0,123.9,3.5,1.4,16.3,Industrials,Industrial Conglomerates,22.15
GIS,General Mills Inc.,0.1,37523.9,3.3,16.4,16.3,15.8,4.4,11.7,3.9,2.1,26.7,Consumer Staples,Food Products,8.88
GM,General Motors Company,0.2,86640,--,6.7,9.0,8.3,14.9,4.3,1.7,0.7,14.4,Consumer Discretionary,Automobiles,38.71
GPC,Genuine Parts Company,0.0,19029.9,2.4,23.7,20.1,18.8,12.0,20.1,6.0,1.2,4.8,Consumer Discretionary,Distributors,35.72
GILD,Gilead Sciences Inc.,0.2,84858.2,4.2,16.5,9.4,10.0,0.2,8.7,4.3,3.5,0.6,Health Care,Biotechnology,19.91
GPN,Global Payments Inc.,0.1,46340.4,0.5,54.5,19.3,16.3,19.2,19.7,1.7,6.4,2.1,Information Technology,IT Services,-26.51
GL,Globe Life Inc.,0.0,9475.6,0.8,12.6,13.2,11.2,--,17.2,1.1,2.1,9.1,Financials,Insurance,-1.53
GS,Goldman Sachs Group Inc.,0.4,145121,1.4,6.8,7.1,10.5,9.6,9.6,1.5,2.8,10.9,Financials,Capital Markets,59.17
912796P60,Government Of The United States Of America 0.0% 14-dec-2021,0.4,--,--,--,--,--,--,--,--,--,--,--,--,--
HAL,Halliburton Company,0.1,23440.7,0.7,59.0,24.7,15.8,34.9,20.6,4.1,1.6,-45.4,Energy,Energy Equipment & Services,39.59
HBI,Hanesbrands Inc.,0.0,5914,3.5,--,9.7,9.3,12.0,10.6,10.5,0.9,-7.4,Consumer Discretionary,Textiles Apparel & Luxury Goods,18.98
HIG,Hartford Financial Services Group Inc.,0.1,25756,1.9,12.5,13.6,10.6,3.5,10.9,1.4,1.3,10.0,Financials,Insurance,53.32
HAS,Hasbro Inc.,0.0,12183.7,3.1,29.1,18.4,16.7,--,11.7,4.3,2.2,7.6,Consumer Discretionary,Leisure Products,-3.40
HCA,HCA Healthcare Inc,0.2,78062.3,0.6,12.3,13.8,13.0,13.4,10.4,--,1.6,--,Health Care,Health Care Providers & Services,48.03
PEAK,Healthpeak Properties Inc.,0.0,18561.6,3.7,37.1,38.5,82.6,--,27.4,2.7,11.1,2.2,Real Estate,Equity Real Estate Investment Trusts (REITs),17.06
HSIC,Henry Schein Inc.,0.0,10652.7,--,18.0,17.7,16.8,13.9,18.1,3.2,1.1,12.6,Health Care,Health Care Providers & Services,13.98
HSY,Hershey Company,0.1,37131.7,1.8,26.2,26.1,24.1,8.9,19.8,16.4,4.6,64.4,Consumer Staples,Food Products,20.09
HES,Hess Corporation,0.1,27406.1,1.1,--,43.1,17.7,-23.5,15.0,5.0,6.5,-43.9,Energy,Oil Gas & Consumable Fuels,69.34
HPE,Hewlett Packard Enterprise Co.,0.1,20140.9,3.1,19.8,8.0,7.8,8.6,4.4,1.2,0.7,-1.9,Information Technology,Technology Hardware Storage & Peripherals,33.21
HLT,Hilton Worldwide Holdings Inc,0.1,39620.7,--,--,65.4,33.6,129.0,--,--,9.1,--,Consumer Discretionary,Hotels Restaurants & Leisure,27.78
HOLX,Hologic Inc.,0.0,18497.9,--,9.4,9.4,19.9,3.0,12.6,4.8,5.1,46.3,Health Care,Health Care Equipment & Supplies,0.27
HD,Home Depot Inc.,1.0,392050.6,1.7,26.1,25.5,24.5,10.9,26.5,189.5,3.0,--,Consumer Discretionary,Specialty Retail,42.10
HON,Honeywell International Inc.,0.4,149754.5,1.7,28.0,27.0,24.1,11.7,31.9,8.4,4.7,26.5,Industrials,Industrial Conglomerates,3.58
HRL,Hormel Foods Corporation,0.0,22759.4,2.3,26.7,24.8,21.6,6.6,19.8,3.4,2.4,14.7,Consumer Staples,Food Products,-8.04
HST,Host Hotels & Resorts Inc.,0.0,12014.9,--,--,--,42.5,66.0,--,1.9,7.3,-10.7,Real Estate,Equity Real Estate Investment Trusts (REITs),15.04
HWM,Howmet Aerospace Inc.,0.0,13028.7,0.1,45.6,30.5,20.8,36.2,14.4,3.7,2.5,5.2,Industrials,Aerospace & Defense,6.48
HPQ,HP Inc.,0.1,35301.7,2.5,9.5,8.2,7.6,16.4,8.7,--,0.8,--,Information Technology,Technology Hardware Storage & Peripherals,27.02
HUM,Humana Inc.,0.2,59551.6,0.6,24.5,21.5,18.9,12.6,17.9,4.0,0.8,26.1,Health Care,Health Care Providers & Services,13.52
HBAN,Huntington Bancshares Incorporated,0.1,24569.9,3.6,17.2,14.8,11.8,24.6,7.8,1.4,3.5,6.7,Financials,Banks,35.70
HII,Huntington Ingalls Industries Inc.,0.0,8541.7,2.1,11.5,15.6,14.5,40.0,8.5,4.1,0.9,39.9,Industrials,Aerospace & Defense,26.78
IEX,IDEX Corporation,0.0,16833.5,0.9,40.2,35.0,31.6,12.6,33.9,6.3,7.2,15.7,Industrials,Machinery,12.14
IDXX,IDEXX Laboratories Inc.,0.1,55585.6,--,77.8,77.9,68.9,25.4,83.2,74.4,20.9,--,Health Care,Health Care Equipment & Supplies,30.54
INFO,IHS Markit Ltd.,0.1,49423.3,0.6,80.0,38.8,35.1,--,42.5,5.5,11.6,10.3,Industrials,Professional Services,38.77
ITW,Illinois Tool Works Inc.,0.2,71035.7,2.1,26.8,26.1,24.2,13.8,28.1,20.2,5.7,68.0,Industrials,Machinery,12.38
ILMN,Illumina Inc.,0.2,61854.7,--,80.7,66.9,77.3,11.4,61.8,11.9,19.2,14.1,Health Care,Life Sciences Tools & Services,13.72
INCY,Incyte Corporation,0.0,14713.3,--,43.9,31.8,18.7,63.5,--,5.0,5.5,-11.4,Health Care,Biotechnology,-23.26
IR,Ingersoll Rand Inc.,0.1,22914.6,--,40.7,29.3,24.9,18.9,39.4,2.5,4.3,-0.6,Industrials,Machinery,19.73
INTC,Intel Corporation,0.5,200950.5,2.8,9.6,9.4,13.2,3.7,6.3,2.2,2.7,26.4,Information Technology,Semiconductors & Semiconductor Equipment,1.02
ICE,Intercontinental Exchange Inc.,0.2,74901.5,1.0,26.6,26.8,25.0,9.9,24.5,3.6,9.7,11.4,Financials,Capital Markets,16.39
IBM,International Business Machines Corporation,0.3,114406.3,5.1,24.2,12.3,11.3,6.9,11.5,5.2,1.6,26.6,Information Technology,IT Services,5.12
IFF,International Flavors & Fragrances Inc.,0.1,36446.1,2.1,119.9,25.8,22.7,5.2,26.0,1.8,3.3,5.8,Materials,Chemicals,36.71
IP,International Paper Company,0.1,20704.6,3.9,18.4,11.5,10.2,9.1,7.7,2.5,1.0,6.2,Materials,Containers & Packaging,15.63
IPG,Interpublic Group of Companies Inc.,0.0,14225,2.9,20.4,14.1,13.8,12.6,13.1,4.6,1.6,12.4,Communication Services,Media,57.67
INTU,Intuit Inc.,0.4,164640.5,0.4,79.8,53.6,47.1,13.1,50.4,16.7,17.1,27.5,Information Technology,Software,59.49
ISRG,Intuitive Surgical Inc.,0.3,122730.4,--,74.2,69.4,61.7,10.6,70.5,10.8,28.5,11.8,Health Care,Health Care Equipment & Supplies,26.00
IVZ,Invesco Ltd.,0.0,11419.4,2.6,11.1,8.3,8.1,--,10.3,1.0,1.9,5.2,Financials,Capital Markets,44.80
IPGP,IPG Photonics Corporation,0.0,8539.4,--,38.7,31.2,26.0,28.2,22.5,3.2,7.2,6.4,Information Technology,Electronic Equipment Instruments & Components,-28.67
IQV,IQVIA Holdings Inc,0.1,49160.5,--,65.4,28.9,25.7,22.5,33.4,8.4,4.4,4.6,Health Care,Life Sciences Tools & Services,43.58
IRM,Iron Mountain Inc.,0.0,13312.2,5.4,22.0,29.3,27.6,4.0,15.6,11.6,3.2,26.4,Real Estate,Equity Real Estate Investment Trusts (REITs),62.94
JBHT,J.B. Hunt Transport Services Inc.,0.0,20764.4,0.6,31.4,29.0,24.3,23.5,18.6,7.1,2.2,20.8,Industrials,Road & Rail,45.49
SJM,J.M. Smucker Company,0.0,13343.4,3.0,17.3,14.6,13.9,1.3,10.1,1.6,1.7,10.7,Consumer Staples,Food Products,8.89
JKHY,Jack Henry & Associates Inc.,0.0,12880.1,1.0,42.3,37.9,34.1,11.0,25.2,9.8,7.5,21.7,Information Technology,IT Services,8.38
J,Jacobs Engineering Group Inc.,0.0,18129,0.6,40.9,22.2,19.6,15.3,18.4,2.9,1.4,6.1,Industrials,Professional Services,28.51
JNJ,Johnson & Johnson,1.1,431856.8,2.5,24.5,16.7,15.8,5.6,21.0,6.2,5.3,24.0,Health Care,Pharmaceuticals,6.19
JCI,Johnson Controls International plc,0.1,52669,1.4,29.7,27.9,22.4,12.9,39.6,3.0,2.5,3.4,Industrials,Building Products,60.69
JPM,JPMorgan Chase & Co.,1.3,505179,2.1,10.8,11.5,14.2,10.0,10.0,2.0,4.2,11.3,Financials,Banks,37.88
JNPR,Juniper Networks Inc.,0.0,8955.4,2.9,44.6,16.1,14.4,7.4,13.2,2.1,2.1,5.6,Information Technology,Communications Equipment,25.65
KSU,Kansas City Southern,0.1,27509.4,0.7,297.2,37.2,31.1,--,27.4,7.1,10.8,14.6,Industrials,Road & Rail,49.07
K,Kellogg Company,0.0,21042.5,3.7,16.3,15.1,14.8,2.7,12.1,6.3,1.5,42.7,Consumer Staples,Food Products,2.01
KEY,KeyCorp,0.1,22398.2,3.1,9.4,9.6,12.0,17.3,11.5,1.4,3.2,7.8,Financials,Banks,50.54
KEYS,Keysight Technologies Inc,0.1,32678.4,--,40.1,29.3,26.7,14.3,31.3,8.7,8.0,19.9,Information Technology,Electronic Equipment Instruments & Components,34.45
KMB,Kimberly-Clark Corporation,0.1,43808,3.5,22.1,20.8,18.7,1.1,13.1,83.7,2.3,--,Consumer Staples,Household Products,-0.98
KIM,Kimco Realty Corporation,0.0,10057.6,2.9,25.6,33.5,32.6,--,16.4,1.8,9.5,18.6,Real Estate,Equity Real Estate Investment Trusts (REITs),58.37
KMI,Kinder Morgan Inc Class P,0.1,40472.8,6.0,23.3,13.3,17.1,7.0,8.6,1.3,3.5,0.3,Energy,Oil Gas & Consumable Fuels,37.19
KLAC,KLA Corporation,0.1,52437.3,1.1,25.7,17.7,17.0,15.1,22.0,15.5,7.7,68.8,Information Technology,Semiconductors & Semiconductor Equipment,33.75
KHC,Kraft Heinz Company,0.1,44297.1,4.4,20.6,13.5,13.8,0.5,9.9,0.9,1.7,0.7,Consumer Staples,Food Products,7.74
KR,Kroger Co.,0.1,30005.5,1.9,26.8,12.1,12.3,8.2,6.0,3.2,0.2,28.1,Consumer Staples,Food & Staples Retailing,28.92
LHX,L3Harris Technologies Inc,0.1,49255.6,1.6,34.2,18.7,17.0,9.3,19.7,2.5,2.9,5.2,Industrials,Aerospace & Defense,31.11
LH,Laboratory Corporation of America Holdings,0.1,27179.5,--,9.6,11.6,17.0,-11.7,9.2,2.7,2.0,18.4,Health Care,Health Care Providers & Services,38.08
LRCX,Lam Research Corporation,0.2,77723.4,1.0,18.6,16.1,15.1,15.5,18.8,13.4,5.5,69.8,Information Technology,Semiconductors & Semiconductor Equipment,17.68
LW,Lamb Weston Holdings Inc.,0.0,8530,1.6,33.3,37.6,21.5,10.3,16.9,20.0,2.3,88.2,Consumer Staples,Food Products,-25.11
LVS,Las Vegas Sands Corp.,0.0,29024.4,--,--,--,37.0,--,--,13.8,8.0,-41.3,Consumer Discretionary,Hotels Restaurants & Leisure,-36.26
LEG,Leggett & Platt Incorporated,0.0,6365,3.4,16.0,16.8,15.2,--,12.7,4.1,1.5,18.3,Consumer Discretionary,Household Durables,10.53
LDOS,Leidos Holdings Inc.,0.0,14462.7,1.4,19.9,15.6,14.3,10.7,14.2,3.5,1.2,17.3,Industrials,Professional Services,-2.08
LEN,Lennar Corporation Class A,0.1,31043.3,1.0,7.6,6.9,6.9,36.0,10.0,1.5,1.4,14.4,Consumer Discretionary,Household Durables,32.98
LNC,Lincoln National Corporation,0.0,14317.9,2.2,10.4,7.5,6.5,30.5,11.9,0.7,0.8,2.4,Financials,Insurance,54.68
LIN,Linde plc,0.4,163537.1,1.3,50.7,30.5,27.8,10.7,22.7,3.6,6.2,5.2,Materials,Chemicals,21.53
LYV,Live Nation Entertainment Inc.,0.0,22012.9,--,--,--,124.5,2.0,--,--,11.5,--,Communication Services,Entertainment,36.80
LKQ,LKQ Corporation,0.0,16766.9,--,18.2,15.3,14.7,--,18.2,2.9,1.5,12.0,Consumer Discretionary,Distributors,60.58
LMT,Lockheed Martin Corporation,0.2,104212,2.8,14.8,16.4,13.5,4.8,12.4,16.0,1.6,--,Industrials,Aerospace & Defense,8.35
L,Loews Corporation,0.0,14983.7,0.4,10.0,--,--,--,11.9,0.8,1.2,-5.0,Financials,Insurance,28.52
LOW,Lowe's Companies Inc.,0.4,162042.2,1.1,23.9,20.3,19.0,18.1,19.0,--,1.9,--,Consumer Discretionary,Specialty Retail,46.49
LUMN,Lumen Technologies Inc.,0.0,13505.4,8.2,--,7.4,9.8,-7.6,1.9,1.2,0.6,-10.0,Communication Services,Diversified Telecommunication Services,32.68
LYB,LyondellBasell Industries NV,0.1,32650.9,4.5,8.0,5.0,6.3,10.0,8.8,3.1,1.2,17.7,Materials,Chemicals,9.77
MTB,M&T Bank Corporation,0.1,20463.1,2.8,11.4,11.9,13.8,14.8,8.4,1.3,3.4,8.7,Financials,Banks,27.67
MRO,Marathon Oil Corporation,0.0,13239.4,0.9,--,14.6,9.6,5.5,9.4,1.2,4.3,-12.8,Energy,Oil Gas & Consumable Fuels,154.31
MPC,Marathon Petroleum Corporation,0.1,43511.6,3.4,--,50.8,20.5,-3.0,22.6,1.5,0.6,-39.5,Energy,Oil Gas & Consumable Fuels,70.07
MKTX,MarketAxess Holdings Inc.,0.0,15479,0.6,55.8,57.5,51.0,4.8,41.2,15.1,22.5,34.7,Financials,Capital Markets,-28.33
MAR,Marriott International Inc. Class A,0.1,50399.6,--,147.2,53.7,29.3,115.7,30.3,63.3,4.7,-47.1,Consumer Discretionary,Hotels Restaurants & Leisure,17.34
MMC,Marsh & McLennan Companies Inc.,0.2,85489.4,1.1,32.0,27.4,25.2,13.5,24.8,8.8,5.0,23.9,Financials,Insurance,46.75
MLM,Martin Marietta Materials Inc.,0.1,24572.5,0.6,32.0,33.0,28.0,--,22.0,4.0,5.2,12.8,Materials,Construction Materials,39.35
MAS,Masco Corporation,0.0,15162.2,1.2,30.9,16.7,15.2,22.0,19.5,--,2.3,--,Industrials,Building Products,13.13
MA,Mastercard Incorporated Class A,0.8,356529.7,0.5,50.1,44.4,33.9,26.0,43.4,55.3,23.7,--,Information Technology,IT Services,1.59
MTCH,Match Group Inc.,0.1,46380.8,--,85.1,73.0,57.0,6.4,51.1,--,17.0,--,Communication Services,Interactive Media & Services,10.89
MKC,McCormick & Company Incorporated,0.1,21567.2,1.5,28.7,26.8,26.0,7.1,23.1,4.9,3.9,20.3,Consumer Staples,Food Products,-14.59
MCD,McDonald's Corporation,0.5,177245.5,2.2,25.8,26.1,23.9,15.5,27.5,--,9.3,--,Consumer Discretionary,Hotels Restaurants & Leisure,12.52
MCK,McKesson Corporation,0.1,32154.8,0.8,--,10.3,9.7,10.5,--,--,0.1,--,Health Care,Health Care Providers & Services,20.10
MDT,Medtronic Plc,0.4,166147.6,2.0,43.2,21.6,19.6,9.3,24.1,3.2,5.6,7.1,Health Care,Health Care Equipment & Supplies,7.05
MRK,Merck & Co. Inc.,0.5,206824.6,3.2,37.3,14.5,11.9,33.8,14.0,6.2,4.3,27.6,Health Care,Pharmaceuticals,7.48
MET,MetLife Inc.,0.1,56519.8,2.9,13.2,8.3,9.0,6.4,8.8,0.8,0.9,7.4,Financials,Insurance,43.19
MTD,Mettler-Toledo International Inc.,0.1,33998.5,--,49.2,44.6,40.7,16.5,50.5,177.6,11.5,--,Health Care,Life Sciences Tools & Services,29.05
MGM,MGM Resorts International,0.0,23426.4,0.0,--,--,88.8,-428.4,--,3.8,4.6,-14.0,Consumer Discretionary,Hotels Restaurants & Leisure,52.84
MCHP,Microchip Technology Incorporated,0.1,41544.5,1.1,88.5,18.0,16.5,14.9,21.1,7.5,7.5,6.4,Information Technology,Semiconductors & Semiconductor Equipment,10.67
MU,Micron Technology Inc.,0.2,76942.4,0.1,13.4,7.9,6.3,26.1,6.1,1.8,2.8,14.1,Information Technology,Semiconductors & Semiconductor Equipment,-8.41
MSFT,Microsoft Corporation,5.9,2316829.5,0.7,38.3,34.8,30.3,15.6,30.2,16.3,13.9,47.1,Information Technology,Software,39.44
MAA,Mid-America Apartment Communities Inc.,0.1,23131.1,2.0,57.2,54.8,66.6,3.0,28.0,4.0,13.7,4.2,Real Estate,Equity Real Estate Investment Trusts (REITs),62.99
MRNA,Moderna Inc.,0.3,140872.7,--,43.6,11.7,12.3,-22.6,--,21.0,165.9,-40.0,Health Care,Biotechnology,234.60
MHK,Mohawk Industries Inc.,0.0,13363.3,--,13.3,12.9,11.9,17.0,10.8,1.5,1.4,6.2,Consumer Discretionary,Household Durables,37.35
TAP,Molson Coors Beverage Company Class B,0.0,9491.5,0.8,--,11.2,10.5,1.5,5.9,0.7,1.0,-7.4,Consumer Staples,Beverages,-2.47
MDLZ,Mondelez International Inc. Class A,0.2,84445.8,2.1,20.0,20.8,19.3,8.3,21.0,3.1,3.3,13.0,Consumer Staples,Food Products,4.89
MPWR,Monolithic Power Systems Inc.,0.1,24005.9,0.4,124.7,73.7,63.6,24.0,92.8,22.1,29.1,18.9,Information Technology,Semiconductors & Semiconductor Equipment,43.41
MNST,Monster Beverage Corporation,0.1,44625,--,29.3,31.9,28.3,11.2,32.4,7.6,9.8,30.2,Consumer Staples,Beverages,-8.76
MCO,Moody's Corporation,0.2,71697.4,0.6,34.7,32.2,31.1,--,34.6,32.8,13.6,--,Financials,Capital Markets,33.45
MS,Morgan Stanley,0.4,183336.1,1.7,13.0,13.0,13.6,4.5,9.7,1.9,3.2,12.7,Financials,Capital Markets,51.18
MOS,Mosaic Company,0.0,16084.8,0.6,11.5,8.6,8.4,-2.7,15.3,1.6,1.9,7.1,Materials,Chemicals,85.50
MSI,Motorola Solutions Inc.,0.1,41632.6,1.2,36.9,27.4,24.9,--,28.3,--,5.8,--,Information Technology,Communications Equipment,46.09
MSCI,MSCI Inc. Class A,0.1,53751.9,0.5,77.9,66.4,58.6,14.6,72.6,--,32.5,--,Financials,Capital Markets,46.77
NDAQ,Nasdaq Inc.,0.1,34099.4,1.0,29.4,27.4,26.7,--,26.7,5.2,6.0,15.5,Financials,Capital Markets,53.22
NTAP,NetApp Inc.,0.1,20854.4,2.1,24.8,18.5,17.1,10.3,20.1,29.0,3.7,--,Information Technology,Technology Hardware Storage & Peripherals,44.17
NFLX,Netflix Inc.,0.8,297513.3,--,60.5,62.7,50.9,32.2,124.1,19.4,12.2,29.6,Communication Services,Entertainment,24.21
NWL,Newell Brands Inc,0.0,9558.7,4.1,13.4,13.0,12.0,3.9,10.1,2.4,1.0,-17.4,Consumer Discretionary,Household Durables,8.72
NEM,Newmont Corporation,0.1,46501.7,3.5,16.2,17.8,16.7,--,10.2,2.0,4.1,12.0,Materials,Metals & Mining,-0.67
NWSA,News Corporation Class A,0.0,14274.8,0.8,43.4,34.0,28.6,--,13.9,1.7,1.5,4.2,Communication Services,Media,35.57
NWS,News Corporation Class B,0.0,14446.1,0.8,44.0,34.4,28.9,--,14.0,1.8,1.6,4.2,Communication Services,Media,38.78
NEE,NextEra Energy Inc.,0.4,165356.5,1.8,70.3,33.4,30.7,9.5,19.3,4.5,9.7,7.9,Utilities,Electric Utilities,10.92
NLSN,Nielsen Holdings Plc,0.0,7032.5,1.2,47.4,12.3,11.1,--,6.6,2.3,1.1,-0.3,Industrials,Professional Services,-5.39
NKE,NIKE Inc. Class B,0.5,259960.3,0.7,43.6,45.9,34.6,16.1,40.0,18.1,5.9,55.0,Consumer Discretionary,Textiles Apparel & Luxury Goods,16.74
NI,NiSource Inc,0.0,9796.4,3.5,48.1,18.6,17.6,5.7,7.1,2.0,2.0,-1.5,Utilities,Multi-Utilities,11.83
NSC,Norfolk Southern Corporation,0.2,70962.5,1.4,26.6,24.2,21.5,13.3,19.6,5.0,7.5,13.4,Industrials,Road & Rail,22.35
NTRS,Northern Trust Corporation,0.1,25623.3,2.3,19.4,17.4,16.6,13.9,13.5,2.4,4.1,11.1,Financials,Capital Markets,35.01
NOC,Northrop Grumman Corporation,0.2,65215.4,1.5,14.7,16.3,15.6,8.0,11.8,5.8,1.9,32.9,Industrials,Aerospace & Defense,35.26
NLOK,NortonLifeLock Inc.,0.0,15495.3,1.9,25.6,15.5,13.9,--,18.3,--,6.3,20.1,Information Technology,Software,30.33
NCLH,Norwegian Cruise Line Holdings Ltd.,0.0,9588.7,--,--,--,58.5,-99.4,--,2.6,5.2,-73.8,Consumer Discretionary,Hotels Restaurants & Leisure,1.93
NRG,NRG Energy Inc.,0.0,10163.1,3.1,9.5,7.5,9.3,--,5.1,4.0,1.1,30.6,Utilities,Electric Utilities,13.34
NUE,Nucor Corporation,0.1,31272.1,1.5,6.5,4.7,7.1,33.2,13.3,2.3,1.6,6.8,Materials,Metals & Mining,108.48
NVDA,NVIDIA Corporation,1.5,578223.4,0.1,82.7,55.9,49.4,22.8,89.2,27.3,34.9,29.8,Information Technology,Semiconductors & Semiconductor Equipment,77.58
NVR,NVR Inc.,0.0,17136.4,--,15.8,14.8,12.3,22.0,18.3,5.7,2.6,33.1,Consumer Discretionary,Household Durables,19.57
NXPI,NXP Semiconductors NV,0.1,54020.2,1.0,53.4,19.4,17.4,28.0,27.3,7.3,6.5,0.6,Information Technology,Semiconductors & Semiconductor Equipment,27.03
ORLY,O'Reilly Automotive Inc.,0.1,45720.1,--,23.7,23.6,22.4,13.4,23.3,210.0,4.2,--,Consumer Discretionary,Specialty Retail,46.13
OXY,Occidental Petroleum Corporation,0.1,32886.1,0.1,--,23.6,15.8,--,6.2,3.9,1.9,-86.4,Energy,Oil Gas & Consumable Fuels,103.69
ODFL,Old Dominion Freight Line Inc.,0.1,37603.5,0.2,44.3,38.3,33.4,25.1,42.0,11.1,9.6,21.0,Industrials,Road & Rail,66.75
OMC,Omnicom Group Inc,0.0,14917.4,3.9,10.9,11.3,10.9,13.4,9.0,4.5,1.2,31.8,Communication Services,Media,15.65
OKE,ONEOK Inc.,0.1,29366,5.7,21.8,19.9,17.8,9.2,13.6,5.0,3.4,10.0,Energy,Oil Gas & Consumable Fuels,82.12
ORCL,Oracle Corporation,0.4,268512.3,1.1,20.8,20.9,19.0,10.1,18.2,--,7.3,--,Information Technology,Software,53.63
OGN,Organon & Co.,0.0,9357.3,--,4.3,6.0,6.1,-5.6,3.9,--,1.2,34.5,Health Care,Pharmaceuticals,--
OTIS,Otis Worldwide Corporation,0.1,34937.8,1.1,29.1,27.7,25.2,11.4,26.7,--,2.8,68.3,Industrials,Machinery,22.27
PCAR,PACCAR Inc,0.1,30284.5,1.5,17.3,16.5,12.8,17.9,13.7,2.7,1.6,12.9,Industrials,Machinery,2.23
PKG,Packaging Corporation of America,0.0,12719.6,3.0,20.1,15.9,14.4,7.5,13.2,3.7,1.9,14.5,Materials,Containers & Packaging,-0.82
PH,Parker-Hannifin Corporation,0.1,39247.4,1.3,22.8,18.0,16.1,10.1,17.4,4.7,2.8,24.1,Industrials,Machinery,12.66
PAYX,Paychex Inc.,0.1,44418.7,2.1,36.6,35.6,33.3,7.9,28.7,14.6,11.0,38.3,Information Technology,IT Services,34.80
PAYC,Paycom Software Inc.,0.1,31213.7,--,186.0,122.4,95.9,25.0,101.9,39.4,37.3,24.3,Information Technology,Software,19.17
PYPL,PayPal Holdings Inc.,0.7,290084,--,60.3,52.4,42.0,23.4,43.1,13.9,13.7,22.8,Information Technology,IT Services,5.41
PENN,Penn National Gaming Inc.,0.0,11649.3,--,28.0,22.9,26.6,--,19.4,4.0,2.8,-29.8,Consumer Discretionary,Hotels Restaurants & Leisure,-13.97
PNR,Pentair plc,0.0,12762.7,1.0,27.2,22.9,21.0,14.7,28.1,5.6,4.3,17.6,Industrials,Machinery,46.68
PBCT,People's United Financial Inc.,0.0,7973.6,3.9,12.2,12.9,14.7,--,9.4,1.0,3.6,2.7,Financials,Banks,49.23
PEP,PepsiCo Inc.,0.6,220201.3,2.6,27.1,25.5,23.7,9.4,21.6,13.9,3.1,50.4,Consumer Staples,Beverages,9.75
PKI,PerkinElmer Inc.,0.1,19849.7,0.2,16.9,17.6,28.2,16.8,19.6,4.7,5.3,22.2,Health Care,Life Sciences Tools & Services,23.70
PFE,Pfizer Inc.,0.6,241596.8,3.6,18.5,10.7,11.6,1.5,16.6,3.4,5.8,11.1,Health Care,Pharmaceuticals,20.77
PM,Philip Morris International Inc.,0.4,150465.3,5.0,16.8,15.9,14.7,11.8,16.0,--,5.2,--,Consumer Staples,Tobacco,21.13
PSX,Phillips 66,0.1,36672.9,4.3,--,31.3,13.8,-2.0,15.1,2.0,0.6,-18.1,Energy,Oil Gas & Consumable Fuels,23.89
PNW,Pinnacle West Capital Corporation,0.0,7566.8,5.0,13.1,13.5,14.8,0.9,6.3,1.3,2.1,10.0,Utilities,Electric Utilities,-13.50
PXD,Pioneer Natural Resources Company,0.1,47008.5,1.9,143.3,14.8,9.0,9.9,14.8,2.1,4.5,-1.7,Energy,Oil Gas & Consumable Fuels,72.66
PNC,PNC Financial Services Group Inc.,0.2,91604.9,2.2,16.5,16.2,15.5,28.6,20.2,84.9,5.1,5.7,Financials,Banks,49.27
POOL,Pool Corporation,0.1,20411.7,0.5,34.4,34.1,31.3,7.8,49.6,23.3,5.3,69.9,Consumer Discretionary,Distributors,37.25
PPG,PPG Industries Inc.,0.1,38000.8,1.4,26.9,23.5,19.3,12.0,21.1,6.1,2.8,19.2,Materials,Chemicals,12.17
PPL,PPL Corporation,0.1,22317.4,5.7,62.2,21.7,17.9,-8.0,6.7,1.5,2.9,11.1,Utilities,Electric Utilities,7.37
PFG,Principal Financial Group Inc.,0.0,18733.2,3.4,12.1,10.8,9.9,15.2,10.6,1.2,1.3,9.0,Financials,Insurance,44.43
PG,Procter & Gamble Company,0.9,340849.7,2.4,25.7,23.8,22.1,6.6,20.5,7.5,4.8,30.8,Consumer Staples,Household Products,3.79
PGR,Progressive Corporation,0.1,56384,0.4,13.9,25.4,19.3,-5.4,12.3,3.1,1.3,38.2,Financials,Insurance,2.50
PLD,Prologis Inc.,0.3,110344.3,1.7,55.4,55.4,57.2,7.9,38.1,3.4,25.3,5.4,Real Estate,Equity Real Estate Investment Trusts (REITs),47.94
PRU,Prudential Financial Inc.,0.1,44018.4,4.0,6.3,8.5,8.9,6.5,8.4,0.7,0.8,-0.6,Financials,Insurance,51.10
PTC,PTC Inc.,0.0,15171.3,--,64.3,36.6,32.7,26.7,44.6,8.8,10.3,9.9,Information Technology,Software,8.15
PEG,Public Service Enterprise Group Inc,0.1,32220.7,3.2,22.0,17.8,18.3,5.3,11.2,2.0,3.5,12.3,Utilities,Multi-Utilities,12.47
PSA,Public Storage,0.1,57444.7,2.4,45.2,39.3,37.0,9.7,27.7,11.8,19.7,22.5,Real Estate,Equity Real Estate Investment Trusts (REITs),45.31
PHM,PulteGroup Inc.,0.0,12966.9,1.1,8.1,6.9,5.5,35.0,7.9,1.9,1.2,23.2,Consumer Discretionary,Household Durables,16.60
PVH,PVH Corp.,0.0,8016.3,--,27.7,12.9,11.6,33.5,151.6,1.6,1.1,-21.6,Consumer Discretionary,Textiles Apparel & Luxury Goods,19.51
QRVO,Qorvo Inc.,0.0,18607.7,--,20.8,13.8,12.6,20.4,14.7,4.0,4.8,16.4,Information Technology,Semiconductors & Semiconductor Equipment,0.63
QCOM,Qualcomm Inc,0.4,148817.1,2.0,16.5,15.9,14.1,29.1,20.4,18.2,6.4,94.6,Information Technology,Semiconductors & Semiconductor Equipment,-12.12
PWR,Quanta Services Inc.,0.0,16776.1,0.2,32.3,26.3,21.4,10.0,22.2,3.7,1.6,10.6,Industrials,Construction & Engineering,67.65
DGX,Quest Diagnostics Incorporated,0.0,17836.2,1.6,8.7,10.9,17.8,-7.0,9.9,2.8,2.1,23.0,Health Care,Health Care Providers & Services,23.93
RL,Ralph Lauren Corporation Class A,0.0,9131.6,1.1,55.1,17.6,15.5,76.3,29.9,3.4,2.1,-4.6,Consumer Discretionary,Textiles Apparel & Luxury Goods,20.99
RJF,Raymond James Financial Inc.,0.0,20953.1,1.0,18.2,15.3,15.5,--,15.6,2.7,2.6,11.9,Financials,Capital Markets,62.04
RTX,Raytheon Technologies Corporation,0.4,137669.3,2.2,63.3,22.5,18.1,18.7,35.4,1.9,2.2,-5.5,Industrials,Aerospace & Defense,30.06
O,Realty Income Corporation,0.1,28083.5,3.8,74.5,53.0,45.9,5.7,21.7,2.4,15.6,2.0,Real Estate,Equity Real Estate Investment Trusts (REITs),22.70
REG,Regency Centers Corporation,0.0,11918.9,3.4,52.6,35.9,39.0,4.2,24.2,2.0,11.0,0.7,Real Estate,Equity Real Estate Investment Trusts (REITs),58.75
REGN,Regeneron Pharmaceuticals Inc.,0.2,61492,--,10.3,9.2,12.3,11.6,16.1,4.1,7.8,31.8,Health Care,Biotechnology,19.27
RF,Regions Financial Corporation,0.1,23130.1,2.6,9.1,9.5,11.8,27.6,9.5,1.4,3.7,6.3,Financials,Banks,53.71
RSG,Republic Services Inc.,0.1,41845.7,1.3,37.4,32.4,29.4,10.2,16.1,4.8,4.1,11.7,Industrials,Commercial Services & Supplies,37.94
RMD,ResMed Inc.,0.1,39030.8,0.6,82.7,42.7,38.7,14.9,53.4,13.5,12.3,17.6,Health Care,Health Care Equipment & Supplies,26.76
RHI,Robert Half International Inc.,0.0,12600,1.3,24.0,21.3,19.7,21.7,35.0,10.0,2.5,26.1,Industrials,Professional Services,82.39
ROK,Rockwell Automation Inc.,0.1,36618.9,1.4,24.0,34.0,30.8,11.1,34.2,16.1,5.8,--,Industrials,Electrical Equipment,27.34
ROL,Rollins Inc.,0.0,19314.1,0.7,57.8,53.8,52.0,--,49.8,18.4,8.9,29.7,Industrials,Commercial Services & Supplies,1.10
ROP,Roper Technologies Inc.,0.1,51438.4,0.5,46.3,33.8,31.5,10.5,27.7,4.6,9.3,9.5,Industrials,Industrial Conglomerates,13.76
ROST,Ross Stores Inc.,0.1,40236.6,0.8,30.0,25.2,21.1,38.6,52.6,10.3,3.2,2.6,Consumer Discretionary,Specialty Retail,-7.23
RCL,Royal Caribbean Group,0.0,21625.9,--,--,--,126.4,--,--,2.7,8.2,-55.4,Consumer Discretionary,Hotels Restaurants & Leisure,13.68
SPGI,S&P Global Inc.,0.3,107816.2,0.7,43.9,33.9,31.3,--,32.6,85.2,14.6,--,Financials,Capital Markets,36.93
CRM,salesforce.com inc.,0.7,287453.8,--,117.7,66.5,63.7,19.0,45.6,5.2,12.9,10.8,Information Technology,Software,32.08
SBAC,SBA Communications Corp. Class A,0.1,38251.5,0.6,145.3,117.8,90.2,8.0,36.8,--,19.0,--,Real Estate,Equity Real Estate Investment Trusts (REITs),24.53
SLB,Schlumberger NV,0.1,48207.1,1.5,29.4,26.9,18.5,34.7,12.9,3.5,2.0,-58.7,Energy,Energy Equipment & Services,59.44
STX,Seagate Technology Holdings PLC,0.0,20061,3.0,13.0,10.0,9.6,12.9,12.3,33.4,2.0,--,Information Technology,Technology Hardware Storage & Peripherals,47.08
SEE,Sealed Air Corporation,0.0,8886.9,1.2,19.0,16.9,14.8,8.3,11.4,94.7,1.9,--,Materials,Containers & Packaging,30.84
SRE,Sempra Energy,0.1,41063.4,3.3,18.9,15.9,15.5,3.5,12.7,1.7,3.4,10.1,Utilities,Multi-Utilities,4.93
NOW,ServiceNow Inc.,0.4,136485.3,--,817.1,118.7,95.3,42.5,92.7,41.7,30.9,4.8,Information Technology,Software,25.15
SHW,Sherwin-Williams Company,0.2,81549.3,0.7,38.8,36.1,30.3,11.8,27.7,28.7,4.7,52.5,Materials,Chemicals,27.22
SPG,Simon Property Group Inc.,0.1,48251.2,3.7,31.8,27.7,28.5,1.6,15.1,17.3,9.8,40.5,Real Estate,Equity Real Estate Investment Trusts (REITs),77.98
SWKS,Skyworks Solutions Inc.,0.1,27271.2,1.2,19.5,15.8,14.3,24.6,21.0,5.5,8.4,19.7,Information Technology,Semiconductors & Semiconductor Equipment,9.00
SNA,Snap-on Incorporated,0.0,11290.9,2.3,14.3,14.5,13.9,10.1,13.8,2.8,2.9,17.3,Industrials,Machinery,24.90
SO,Southern Company,0.2,66504.9,4.1,21.3,18.8,17.8,4.5,9.7,2.4,3.4,11.2,Utilities,Electric Utilities,5.43
LUV,Southwest Airlines Co.,0.1,28091.3,--,--,--,20.4,--,--,2.9,3.0,-32.9,Industrials,Airlines,1.87
SWK,Stanley Black & Decker Inc.,0.1,30396.6,1.5,17.0,16.4,15.4,13.9,16.0,2.9,2.0,14.1,Industrials,Machinery,7.09
SBUX,Starbucks Corporation,0.3,135243.1,1.6,48.0,35.5,30.8,18.2,31.7,--,5.8,--,Consumer Discretionary,Hotels Restaurants & Leisure,8.55
STT,State Street Corporation,0.1,36051,2.2,14.5,13.5,11.7,12.6,4.7,1.4,3.2,10.0,Financials,Capital Markets,38.10
STE,STERIS Plc,0.1,23477.2,0.7,70.2,30.5,27.1,--,30.7,3.6,6.5,10.9,Health Care,Health Care Equipment & Supplies,24.97
SYK,Stryker Corporation,0.2,102967.2,0.9,50.0,29.4,26.2,10.9,36.0,7.5,7.2,12.4,Health Care,Health Care Equipment & Supplies,12.25
SIVB,SVB Financial Group,0.1,43774,--,22.8,23.2,26.0,7.0,31.2,4.2,9.8,17.0,Financials,Banks,92.35
SYF,Synchrony Financial,0.1,26754.6,1.8,6.9,6.8,8.7,65.0,4.5,2.0,2.3,10.2,Financials,Consumer Finance,43.07
SNPS,Synopsys Inc.,0.1,49441.4,--,67.6,47.4,42.5,16.3,42.8,9.6,13.7,14.8,Information Technology,Software,24.98
SYY,Sysco Corporation,0.1,39911.5,2.4,76.5,22.2,18.5,--,26.9,25.7,0.8,38.7,Consumer Staples,Food & Staples Retailing,7.62
TMUS,T-Mobile US Inc.,0.2,144671.4,--,37.1,50.2,32.8,18.0,6.6,2.1,2.0,5.8,Communication Services,Wireless Telecommunication Services,-14.03
TROW,T. Rowe Price Group,0.1,46903.1,2.0,16.3,16.0,15.7,--,17.3,5.9,7.7,31.2,Financials,Capital Markets,40.98
TTWO,Take-Two Interactive Software Inc.,0.1,21304.6,--,32.6,39.7,28.6,22.1,23.4,5.9,6.3,20.1,Communication Services,Entertainment,-11.94
TPR,Tapestry Inc.,0.0,11079.4,--,13.4,11.8,10.7,14.0,10.3,3.4,2.0,30.1,Consumer Discretionary,Textiles Apparel & Luxury Goods,28.33
TGT,Target Corporation,0.3,127480.7,1.1,20.7,20.1,20.0,24.5,17.6,8.6,1.4,33.3,Consumer Discretionary,Multiline Retail,49.02
TEL,TE Connectivity Ltd.,0.1,48528.1,1.3,29.0,22.9,21.0,10.4,22.9,4.8,4.0,-2.6,Information Technology,Electronic Equipment Instruments & Components,23.32
TDY,Teledyne Technologies Incorporated,0.1,20742.6,--,46.0,38.7,29.6,16.8,30.8,2.8,5.5,13.5,Information Technology,Electronic Equipment Instruments & Components,13.54
TFX,Teleflex Incorporated,0.0,17632.5,0.4,50.9,29.1,25.8,17.0,43.0,5.1,7.0,10.6,Health Care,Health Care Equipment & Supplies,-8.18
TER,Teradyne Inc.,0.0,19403.3,0.3,22.9,20.9,19.2,14.4,22.9,7.7,6.9,42.5,Information Technology,Semiconductors & Semiconductor Equipment,-1.95
TSLA,Tesla Inc,2.1,1008462.3,--,534.0,177.2,126.3,58.1,192.7,40.7,35.2,4.8,Consumer Discretionary,Automobiles,45.23
TXN,Texas Instruments Incorporated,0.5,184802,2.0,27.9,25.4,24.6,11.1,28.0,16.6,12.9,61.5,Information Technology,Semiconductors & Semiconductor Equipment,24.09
TXT,Textron Inc.,0.0,16664.1,0.1,24.1,22.5,18.8,28.2,19.2,2.7,1.5,5.4,Industrials,Aerospace & Defense,53.80
TMO,Thermo Fisher Scientific Inc.,0.6,239100.3,0.2,28.1,27.4,29.2,8.6,27.9,6.5,7.5,19.9,Health Care,Life Sciences Tools & Services,30.69
TJX,TJX Companies Inc,0.2,78506.5,1.2,31.7,22.4,19.3,144.5,66.9,12.3,2.5,1.5,Consumer Discretionary,Specialty Retail,-3.37
TSCO,Tractor Supply Company,0.1,24188.9,0.9,26.9,25.0,24.2,11.3,23.7,12.2,2.3,42.9,Consumer Discretionary,Specialty Retail,51.39
TT,Trane Technologies plc,0.1,42892.7,1.3,32.1,29.7,25.7,15.9,39.6,6.6,3.5,14.3,Industrials,Building Products,25.29
TDG,TransDigm Group Incorporated,0.1,35032.9,--,74.4,54.9,37.2,22.9,33.8,--,7.1,--,Industrials,Aerospace & Defense,2.79
TRV,Travelers Companies Inc.,0.1,39748.7,2.1,11.3,12.9,12.9,8.0,12.7,1.4,1.3,9.7,Financials,Insurance,17.05
TRMB,Trimble Inc.,0.1,21876.6,--,42.6,33.4,29.4,10.0,33.8,5.7,7.0,11.6,Information Technology,Electronic Equipment Instruments & Components,30.22
TFC,Truist Financial Corporation,0.2,86186.1,2.8,15.2,14.2,13.9,12.9,10.5,1.4,3.6,6.7,Financials,Banks,38.00
TWTR,Twitter Inc.,0.1,49555.3,--,133.7,71.7,52.5,17.6,48.1,6.4,13.2,-13.6,Communication Services,Interactive Media & Services,14.70
TYL,Tyler Technologies Inc.,0.1,21739.8,--,143.1,78.7,66.9,--,64.0,10.3,19.8,10.8,Information Technology,Software,21.97
TSN,Tyson Foods Inc. Class A,0.1,29803.2,2.1,12.9,10.6,12.0,7.5,9.1,1.8,0.7,14.1,Consumer Staples,Food Products,31.57
USB,U.S. Bancorp,0.2,92717.2,2.8,12.6,12.2,14.2,14.0,14.0,1.9,4.1,9.9,Financials,Banks,37.24
CASH_USD,U.S. Dollar,-0.0,--,--,--,--,--,--,--,--,--,--,--,--,--
UDR,UDR Inc.,0.0,16228.7,2.6,"1,366.8",375.2,181.4,4.6,23.0,5.9,13.0,1.8,Real Estate,Equity Real Estate Investment Trusts (REITs),46.81
ULTA,Ulta Beauty Inc,0.1,20199.5,--,28.5,24.6,22.5,61.3,25.4,10.7,3.4,9.0,Consumer Discretionary,Specialty Retail,29.20
UAA,Under Armour Inc. Class A,0.0,10001.2,--,27.2,39.4,35.1,-12.5,974.0,5.4,2.2,-28.7,Consumer Discretionary,Textiles Apparel & Luxury Goods,24.40
UA,Under Armour Inc. Class C,0.0,8559,--,23.3,33.8,30.3,-12.5,833.6,4.6,1.9,-28.7,Consumer Discretionary,Textiles Apparel & Luxury Goods,22.85
UNP,Union Pacific Corporation,0.4,154838.2,1.7,25.7,24.1,21.1,11.0,19.7,11.1,8.4,30.5,Industrials,Road & Rail,17.06
UAL,United Airlines Holdings Inc.,0.0,15105.6,--,--,--,19.9,--,--,2.8,0.8,-80.8,Industrials,Airlines,7.86
UPS,United Parcel Service Inc. Class B,0.4,177739.6,2.0,29.1,18.2,17.4,16.2,18.9,16.4,2.1,68.5,Industrials,Air Freight & Logistics,23.08
URI,United Rentals Inc.,0.1,26512.4,--,26.6,17.2,14.7,15.7,10.0,5.2,3.1,21.3,Industrials,Trading Companies & Distributors,57.93
UNH,UnitedHealth Group Incorporated,1.1,423869.1,1.2,27.9,23.9,20.8,12.4,22.4,6.1,1.7,25.0,Health Care,Health Care Providers & Services,29.57
UHS,Universal Health Services Inc. Class B,0.0,11113.8,0.3,10.6,11.2,10.6,6.3,7.5,1.7,1.0,15.9,Health Care,Health Care Providers & Services,-2.38
VFC,V.F. Corporation,0.1,27770.1,2.8,22.7,22.2,19.1,34.1,23.3,8.5,3.0,11.1,Consumer Discretionary,Textiles Apparel & Luxury Goods,-15.59
VLO,Valero Energy Corporation,0.1,33805.7,4.7,--,78.1,14.4,2.0,24.3,1.9,0.5,-7.0,Energy,Oil Gas & Consumable Fuels,52.46
VTR,Ventas Inc.,0.1,20455.8,3.3,135.7,261.2,118.2,4.7,15.5,2.1,5.4,4.3,Real Estate,Equity Real Estate Investment Trusts (REITs),13.92
VRSN,VeriSign Inc.,0.1,24586.5,--,39.9,39.5,34.1,--,28.1,--,20.0,--,Information Technology,IT Services,1.44
VRSK,Verisk Analytics Inc,0.1,34331.6,0.5,51.0,41.1,36.0,8.4,30.6,12.5,12.6,28.7,Industrials,Professional Services,2.62
VZ,Verizon Communications Inc.,0.6,217681.2,4.8,9.9,9.8,9.8,3.4,5.6,2.8,1.7,27.5,Communication Services,Diversified Telecommunication Services,-6.43
VRTX,Vertex Pharmaceuticals Incorporated,0.1,47933.5,--,24.4,14.9,14.0,19.9,14.7,5.2,7.8,36.7,Health Care,Biotechnology,-21.73
VIAC,ViacomCBS Inc. Class B,0.1,24296.1,2.6,7.1,9.5,9.1,5.5,1.6,1.2,0.9,16.1,Communication Services,Media,2.39
VTRS,Viatris Inc.,0.0,16687.1,1.6,--,3.8,3.6,3.6,4.3,0.8,0.7,-3.8,Health Care,Pharmaceuticals,-25.28
V,Visa Inc. Class A,1.0,497365.9,0.5,48.6,40.3,32.3,20.2,27.6,14.4,23.8,34.7,Information Technology,IT Services,7.39
VNO,Vornado Realty Trust,0.0,8572.3,4.7,--,52.8,45.9,-1.8,13.8,1.8,5.6,-6.2,Real Estate,Equity Real Estate Investment Trusts (REITs),24.37
VMC,Vulcan Materials Company,0.1,25324.3,0.8,38.0,37.6,31.3,--,23.1,4.0,5.2,10.1,Materials,Construction Materials,29.50
WRB,W. R. Berkley Corporation,0.0,14473.8,0.6,14.7,17.6,16.2,22.0,29.4,2.2,1.9,8.6,Financials,Insurance,24.85
GWW,W.W. Grainger Inc.,0.0,22695.6,1.4,26.6,22.8,19.2,13.0,18.1,12.1,2.0,37.7,Industrials,Trading Companies & Distributors,7.95
WBA,Walgreens Boots Alliance Inc,0.1,42593.7,3.8,19.2,10.0,9.5,3.9,8.3,1.8,0.3,9.1,Consumer Staples,Food & Staples Retailing,26.93
WMT,Walmart Inc.,0.6,418817.5,1.5,42.3,23.7,22.5,8.3,15.2,5.2,0.8,17.4,Consumer Staples,Food & Staples Retailing,5.34
DIS,Walt Disney Company,0.8,312542.2,--,281.5,70.0,34.7,34.9,37.6,3.6,4.8,-3.3,Communication Services,Entertainment,-5.06
WM,Waste Management Inc.,0.2,67814.4,1.4,42.7,32.4,28.9,13.2,18.4,9.2,4.5,20.6,Industrials,Commercial Services & Supplies,38.37
WAT,Waters Corporation,0.1,22537.7,--,34.6,34.3,31.4,10.0,33.3,84.0,9.7,--,Health Care,Life Sciences Tools & Services,48.16
WEC,WEC Energy Group Inc,0.1,28509,2.9,22.1,22.3,21.0,6.7,12.7,2.6,4.0,11.7,Utilities,Multi-Utilities,0.41
WFC,Wells Fargo & Company,0.5,202324.1,1.0,12.0,11.0,13.6,13.4,6.1,1.2,2.5,1.0,Financials,Banks,69.32
WELL,Welltower Inc.,0.1,34219.1,3.0,--,118.6,69.4,8.1,23.7,--,7.4,6.2,Real Estate,Equity Real Estate Investment Trusts (REITs),28.40
WST,West Pharmaceutical Services Inc.,0.1,30889.8,0.2,61.0,50.8,47.4,27.3,65.5,15.2,14.7,20.2,Health Care,Health Care Equipment & Supplies,47.57
WDC,Western Digital Corporation,0.0,17503.6,--,21.4,5.7,5.0,11.2,8.5,1.6,1.0,8.1,Information Technology,Technology Hardware Storage & Peripherals,2.60
WU,Western Union Company,0.0,7965,4.8,10.0,9.5,8.6,6.6,7.2,27.8,1.7,--,Information Technology,IT Services,-8.09
WAB,Westinghouse Air Brake Technologies Corporation,0.0,17560,0.5,38.9,21.8,18.9,11.0,20.7,1.7,2.3,4.1,Industrials,Machinery,27.47
WRK,WestRock Company,0.0,12963.3,1.8,--,14.6,9.4,16.8,5.6,1.1,0.7,-6.2,Materials,Containers & Packaging,13.06
WY,Weyerhaeuser Company,0.1,28289.3,1.8,12.4,12.0,22.5,--,17.6,2.7,3.7,9.4,Real Estate,Equity Real Estate Investment Trusts (REITs),15.77
WHR,Whirlpool Corporation,0.0,12710.6,2.5,6.7,7.9,8.3,8.5,8.0,2.6,0.7,30.9,Consumer Discretionary,Household Durables,17.64
WMB,Williams Companies Inc.,0.1,34963.2,5.7,30.4,24.1,23.3,3.0,9.2,3.0,4.5,1.7,Energy,Oil Gas & Consumable Fuels,50.79
WLTW,Willis Towers Watson Public Limited Company,0.1,31577.5,1.2,21.0,18.0,17.2,12.0,17.4,2.7,3.4,9.5,Financials,Insurance,17.28
WYNN,Wynn Resorts Limited,0.0,10460.1,--,--,--,--,--,--,101.8,4.6,--,Consumer Discretionary,Hotels Restaurants & Leisure,-19.86
XEL,Xcel Energy Inc.,0.1,34806.9,2.8,22.1,21.7,20.4,6.6,10.0,2.4,3.0,10.6,Utilities,Electric Utilities,-0.97
XLNX,Xilinx Inc.,0.1,43110.3,0.7,57.4,49.3,43.8,11.0,41.4,13.8,13.8,24.9,Information Technology,Semiconductors & Semiconductor Equipment,23.66
XYL,Xylem Inc.,0.1,23241.9,0.9,60.8,50.0,41.0,16.8,37.9,7.6,4.8,8.6,Industrials,Machinery,27.71
YUM,Yum! Brands Inc.,0.1,37278.2,1.6,28.9,27.9,25.3,13.9,33.9,--,6.8,--,Consumer Discretionary,Hotels Restaurants & Leisure,17.49
ZBRA,Zebra Technologies Corporation Class A,0.1,28435.1,--,37.6,30.3,28.1,18.4,41.1,11.0,6.4,25.3,Information Technology,Electronic Equipment Instruments & Components,38.54
ZBH,Zimmer Biomet Holdings Inc.,0.1,31520,0.6,34.5,19.6,17.5,13.0,19.2,2.5,4.5,-1.1,Health Care,Health Care Equipment & Supplies,-1.54
ZION,Zions Bancorporation N.A.,0.0,10349.8,2.1,9.3,9.8,14.5,17.6,11.2,1.4,3.7,7.2,Financials,Banks,55.19
ZTS,Zoetis Inc. Class A,0.3,100305.1,0.4,53.0,46.4,41.2,13.8,45.8,23.1,15.2,50.6,Health Care,Pharmaceuticals,28.35
,,,,,,,,,,,,,,,
Portfolio Holdings As Of Date:,MainStay MacKay S&P 500 Index 25-OCT-2021,,,,,,,,,,,,,,
Benchmark Holdings As Of Date:,S&P 500 25-OCT-2021,,,,,,,,,,,,,,
Hidden:,Benchmark Only Securities and Groups,,,,,,,,,,,,,,
Adv. Universe Options:,Portfolio AUO's : Derivatives > Futures > Apply Special Returns for Futures|Derivatives > Futures > Generate Offset Cash for All Futures,,,,,,,,,,,,,,
Composite Assets:,None,,,,,,,,,,,,,,
Portfolio Pricing Sources:,Client Portfolio|S&P - U.S.|FactSet - Equity,,,,,,,,,,,,,,
Benchmark Pricing Sources:,S&P - U.S.|FactSet - Equity,,,,,,,,,,,,,,
Additional Pricing Options:,Apply SFE Valuation to Futures,,,,,,,,,,,,,,
Portfolio Exchange Rate Sources:,Client Exch Rate Master|FactSet|MSCI,,,,,,,,,,,,,,
Calendar:,United States,,,,,,,,,,,,,,
Fundamental DB Sources:,FactSet,,,,,,,,,,,,,,
Estimates DB Sources:,FactSet,,,,,,,,,,,,,,
Portfolio Analytics Sources:,Client Portfolio|S&P - U.S.|FactSet - Equity,,,,,,,,,,,,,,
Benchmark Analytics Sources:,S&P - U.S.|FactSet - Equity,,,,,,,,,,,,,,